"k","alpha","delta","burnin","iter","perplexity"
10,0.001,0.001,50,300,799.373809240501
10,0.001,0.001,50,300,826.02749946555
10,0.001,0.001,50,300,818.356020366615
10,0.001,0.001,50,300,850.502226815939
10,0.001,0.001,50,300,878.002755452607
10,0.005,0.001,50,300,796.785778803799
10,0.005,0.001,50,300,824.584478565241
10,0.005,0.001,50,300,818.870311437846
10,0.005,0.001,50,300,854.137780670666
10,0.005,0.001,50,300,876.136768120526
10,0.01,0.001,50,300,797.609636493566
10,0.01,0.001,50,300,823.032046427576
10,0.01,0.001,50,300,819.57169063474
10,0.01,0.001,50,300,850.567027796985
10,0.01,0.001,50,300,880.210153504965
10,0.05,0.001,50,300,796.840871139278
10,0.05,0.001,50,300,823.281757585855
10,0.05,0.001,50,300,817.146851419086
10,0.05,0.001,50,300,851.645466176546
10,0.05,0.001,50,300,882.574186721419
10,0.1,0.001,50,300,805.308510508156
10,0.1,0.001,50,300,829.167547380485
10,0.1,0.001,50,300,815.465316014852
10,0.1,0.001,50,300,848.476625072962
10,0.1,0.001,50,300,882.594781239577
10,0.15,0.001,50,300,799.033746624998
10,0.15,0.001,50,300,829.578726553539
10,0.15,0.001,50,300,824.285412342314
10,0.15,0.001,50,300,853.054904442968
10,0.15,0.001,50,300,886.155174272611
10,0.2,0.001,50,300,800.918216702301
10,0.2,0.001,50,300,840.776237171389
10,0.2,0.001,50,300,824.741554476994
10,0.2,0.001,50,300,859.066557528405
10,0.2,0.001,50,300,893.454126575662
10,0.25,0.001,50,300,809.511698916826
10,0.25,0.001,50,300,841.390715358969
10,0.25,0.001,50,300,825.013572806263
10,0.25,0.001,50,300,858.098895053956
10,0.25,0.001,50,300,892.840387480205
10,0.3,0.001,50,300,806.763920523098
10,0.3,0.001,50,300,840.543410675329
10,0.3,0.001,50,300,830.235870215247
10,0.3,0.001,50,300,854.099988422374
10,0.3,0.001,50,300,885.825102545825
10,0.35,0.001,50,300,803.377312429285
10,0.35,0.001,50,300,845.206892643257
10,0.35,0.001,50,300,834.32958256192
10,0.35,0.001,50,300,861.207327780935
10,0.35,0.001,50,300,892.220791157336
10,0.4,0.001,50,300,810.139091014361
10,0.4,0.001,50,300,844.631095847503
10,0.4,0.001,50,300,835.311573417567
10,0.4,0.001,50,300,863.943467286356
10,0.4,0.001,50,300,901.677321390045
10,0.001,0.005,50,300,755.777948015341
10,0.001,0.005,50,300,794.028771400264
10,0.001,0.005,50,300,797.595704844258
10,0.001,0.005,50,300,816.73117377446
10,0.001,0.005,50,300,839.995607580835
10,0.005,0.005,50,300,757.377245887816
10,0.005,0.005,50,300,787.768751388885
10,0.005,0.005,50,300,789.075836294489
10,0.005,0.005,50,300,815.005088064719
10,0.005,0.005,50,300,831.890207879167
10,0.01,0.005,50,300,749.905652135993
10,0.01,0.005,50,300,782.369507964329
10,0.01,0.005,50,300,782.513792913862
10,0.01,0.005,50,300,816.889382291457
10,0.01,0.005,50,300,831.928965362193
10,0.05,0.005,50,300,754.222253485375
10,0.05,0.005,50,300,782.213902732746
10,0.05,0.005,50,300,779.730194937776
10,0.05,0.005,50,300,814.295106308259
10,0.05,0.005,50,300,828.540986354693
10,0.1,0.005,50,300,753.860646382162
10,0.1,0.005,50,300,793.386418360571
10,0.1,0.005,50,300,784.772349718726
10,0.1,0.005,50,300,818.36669592046
10,0.1,0.005,50,300,830.439155129481
10,0.15,0.005,50,300,753.340688352058
10,0.15,0.005,50,300,782.750031483081
10,0.15,0.005,50,300,775.953509993402
10,0.15,0.005,50,300,815.437695213296
10,0.15,0.005,50,300,831.625603665771
10,0.2,0.005,50,300,754.860175796153
10,0.2,0.005,50,300,783.020900844844
10,0.2,0.005,50,300,791.745620294343
10,0.2,0.005,50,300,809.544625659355
10,0.2,0.005,50,300,833.575527981721
10,0.25,0.005,50,300,759.370839681222
10,0.25,0.005,50,300,791.957113409542
10,0.25,0.005,50,300,786.820402226197
10,0.25,0.005,50,300,815.688994689792
10,0.25,0.005,50,300,830.938845622152
10,0.3,0.005,50,300,763.093061924531
10,0.3,0.005,50,300,789.609653097445
10,0.3,0.005,50,300,792.808752707161
10,0.3,0.005,50,300,812.479133263099
10,0.3,0.005,50,300,837.311135363048
10,0.35,0.005,50,300,758.097594313551
10,0.35,0.005,50,300,793.281192582559
10,0.35,0.005,50,300,793.651467858483
10,0.35,0.005,50,300,816.838815085416
10,0.35,0.005,50,300,830.450591779277
10,0.4,0.005,50,300,760.205353331052
10,0.4,0.005,50,300,792.742782405719
10,0.4,0.005,50,300,791.611142832594
10,0.4,0.005,50,300,818.6894305066
10,0.4,0.005,50,300,836.842509512158
10,0.001,0.01,50,300,756.467732715573
10,0.001,0.01,50,300,790.359425681436
10,0.001,0.01,50,300,790.085042879282
10,0.001,0.01,50,300,814.95056595292
10,0.001,0.01,50,300,828.363467179203
10,0.005,0.01,50,300,746.391459613513
10,0.005,0.01,50,300,785.954718572599
10,0.005,0.01,50,300,772.958950417096
10,0.005,0.01,50,300,808.726012513455
10,0.005,0.01,50,300,819.951473539684
10,0.01,0.01,50,300,738.721826002335
10,0.01,0.01,50,300,781.092296026428
10,0.01,0.01,50,300,766.065430417222
10,0.01,0.01,50,300,808.819918761162
10,0.01,0.01,50,300,815.987309436528
10,0.05,0.01,50,300,744.692845445702
10,0.05,0.01,50,300,775.745127536847
10,0.05,0.01,50,300,767.35135400772
10,0.05,0.01,50,300,805.423933749517
10,0.05,0.01,50,300,817.27566131241
10,0.1,0.01,50,300,738.76595250703
10,0.1,0.01,50,300,775.36875485645
10,0.1,0.01,50,300,772.888095550022
10,0.1,0.01,50,300,810.012455619486
10,0.1,0.01,50,300,818.121907641291
10,0.15,0.01,50,300,743.966649253791
10,0.15,0.01,50,300,777.554921949412
10,0.15,0.01,50,300,772.77345556304
10,0.15,0.01,50,300,808.872677186022
10,0.15,0.01,50,300,812.714229642622
10,0.2,0.01,50,300,736.786497487815
10,0.2,0.01,50,300,778.447854364473
10,0.2,0.01,50,300,776.913543150311
10,0.2,0.01,50,300,805.580452559447
10,0.2,0.01,50,300,817.211907902675
10,0.25,0.01,50,300,736.358030716579
10,0.25,0.01,50,300,772.937792087709
10,0.25,0.01,50,300,776.624978484634
10,0.25,0.01,50,300,793.974208851914
10,0.25,0.01,50,300,817.034135105244
10,0.3,0.01,50,300,746.858889520986
10,0.3,0.01,50,300,778.784290227019
10,0.3,0.01,50,300,773.154542077641
10,0.3,0.01,50,300,811.913477426472
10,0.3,0.01,50,300,818.476208998141
10,0.35,0.01,50,300,749.747460282377
10,0.35,0.01,50,300,777.803436452524
10,0.35,0.01,50,300,775.516116374307
10,0.35,0.01,50,300,806.482100777281
10,0.35,0.01,50,300,824.836560748434
10,0.4,0.01,50,300,754.05088207481
10,0.4,0.01,50,300,782.315627419791
10,0.4,0.01,50,300,780.294897959919
10,0.4,0.01,50,300,807.157632387016
10,0.4,0.01,50,300,830.713547428166
10,0.001,0.05,50,300,750.974008594585
10,0.001,0.05,50,300,783.79994968661
10,0.001,0.05,50,300,780.387579261261
10,0.001,0.05,50,300,810.716482144069
10,0.001,0.05,50,300,821.195751253334
10,0.005,0.05,50,300,745.24338751133
10,0.005,0.05,50,300,770.817033025189
10,0.005,0.05,50,300,771.394692794946
10,0.005,0.05,50,300,805.025033993488
10,0.005,0.05,50,300,813.487280959712
10,0.01,0.05,50,300,740.701892072625
10,0.01,0.05,50,300,766.999546081186
10,0.01,0.05,50,300,773.778891416468
10,0.01,0.05,50,300,795.562455012988
10,0.01,0.05,50,300,819.440453541761
10,0.05,0.05,50,300,732.800200508836
10,0.05,0.05,50,300,766.019962023404
10,0.05,0.05,50,300,756.996139766151
10,0.05,0.05,50,300,784.009041925463
10,0.05,0.05,50,300,804.75330306027
10,0.1,0.05,50,300,729.723755527849
10,0.1,0.05,50,300,760.116223946754
10,0.1,0.05,50,300,756.658845769409
10,0.1,0.05,50,300,789.746368768569
10,0.1,0.05,50,300,812.255438927419
10,0.15,0.05,50,300,733.101146337947
10,0.15,0.05,50,300,764.968809519922
10,0.15,0.05,50,300,759.263385591618
10,0.15,0.05,50,300,790.46367311295
10,0.15,0.05,50,300,806.534440821288
10,0.2,0.05,50,300,735.99897796829
10,0.2,0.05,50,300,766.865539453707
10,0.2,0.05,50,300,766.415123626137
10,0.2,0.05,50,300,791.742136429557
10,0.2,0.05,50,300,808.389815269648
10,0.25,0.05,50,300,731.73313494019
10,0.25,0.05,50,300,762.701311385612
10,0.25,0.05,50,300,765.930563039053
10,0.25,0.05,50,300,798.826527217246
10,0.25,0.05,50,300,806.050046201033
10,0.3,0.05,50,300,734.295160885358
10,0.3,0.05,50,300,768.091729680663
10,0.3,0.05,50,300,757.972868369201
10,0.3,0.05,50,300,797.099788935083
10,0.3,0.05,50,300,806.450034232554
10,0.35,0.05,50,300,731.725365812827
10,0.35,0.05,50,300,769.643109238298
10,0.35,0.05,50,300,763.350805661049
10,0.35,0.05,50,300,799.954462101608
10,0.35,0.05,50,300,802.575790018059
10,0.4,0.05,50,300,740.197338836805
10,0.4,0.05,50,300,770.543023031674
10,0.4,0.05,50,300,772.212128064098
10,0.4,0.05,50,300,797.880356115636
10,0.4,0.05,50,300,801.673051123045
10,0.001,0.1,50,300,754.079164732483
10,0.001,0.1,50,300,789.408469822342
10,0.001,0.1,50,300,778.520446992551
10,0.001,0.1,50,300,819.791744394743
10,0.001,0.1,50,300,819.541610502692
10,0.005,0.1,50,300,742.174512608868
10,0.005,0.1,50,300,779.345246902279
10,0.005,0.1,50,300,776.456184169006
10,0.005,0.1,50,300,808.691280636839
10,0.005,0.1,50,300,813.845413280579
10,0.01,0.1,50,300,739.128153145386
10,0.01,0.1,50,300,768.08404577372
10,0.01,0.1,50,300,772.161664491905
10,0.01,0.1,50,300,807.658599981246
10,0.01,0.1,50,300,806.068337435277
10,0.05,0.1,50,300,735.165822377862
10,0.05,0.1,50,300,766.233396972738
10,0.05,0.1,50,300,756.55103409112
10,0.05,0.1,50,300,790.125146814429
10,0.05,0.1,50,300,807.069676256746
10,0.1,0.1,50,300,735.807674829924
10,0.1,0.1,50,300,767.466636900461
10,0.1,0.1,50,300,767.159666748107
10,0.1,0.1,50,300,792.943473521288
10,0.1,0.1,50,300,797.829672270585
10,0.15,0.1,50,300,733.066156102446
10,0.15,0.1,50,300,759.966114060205
10,0.15,0.1,50,300,763.439689126189
10,0.15,0.1,50,300,790.190208900215
10,0.15,0.1,50,300,800.596089157307
10,0.2,0.1,50,300,745.06130766641
10,0.2,0.1,50,300,766.246848903117
10,0.2,0.1,50,300,767.584509905465
10,0.2,0.1,50,300,793.524841898337
10,0.2,0.1,50,300,795.022562380311
10,0.25,0.1,50,300,743.58298106735
10,0.25,0.1,50,300,774.411824852294
10,0.25,0.1,50,300,767.428241804976
10,0.25,0.1,50,300,791.263602655995
10,0.25,0.1,50,300,805.494584218591
10,0.3,0.1,50,300,739.733150486056
10,0.3,0.1,50,300,761.97860986267
10,0.3,0.1,50,300,768.04490603464
10,0.3,0.1,50,300,803.267768128134
10,0.3,0.1,50,300,806.154592473428
10,0.35,0.1,50,300,739.353916841287
10,0.35,0.1,50,300,766.768614432607
10,0.35,0.1,50,300,770.725333252743
10,0.35,0.1,50,300,797.307707354418
10,0.35,0.1,50,300,803.850762855213
10,0.4,0.1,50,300,734.637412404109
10,0.4,0.1,50,300,770.188081016543
10,0.4,0.1,50,300,768.076814975181
10,0.4,0.1,50,300,796.207843324188
10,0.4,0.1,50,300,801.541407642147
10,0.001,0.2,50,300,766.841701698513
10,0.001,0.2,50,300,797.0945739502
10,0.001,0.2,50,300,791.951075905271
10,0.001,0.2,50,300,823.116443769166
10,0.001,0.2,50,300,828.90209950446
10,0.005,0.2,50,300,756.687259657273
10,0.005,0.2,50,300,786.14758724697
10,0.005,0.2,50,300,782.043531398035
10,0.005,0.2,50,300,817.226193263547
10,0.005,0.2,50,300,818.641522784031
10,0.01,0.2,50,300,750.609224200391
10,0.01,0.2,50,300,782.956321081421
10,0.01,0.2,50,300,768.547279473906
10,0.01,0.2,50,300,813.245337383141
10,0.01,0.2,50,300,820.221258549626
10,0.05,0.2,50,300,742.70325189821
10,0.05,0.2,50,300,774.895124624258
10,0.05,0.2,50,300,770.080467575503
10,0.05,0.2,50,300,804.539642333884
10,0.05,0.2,50,300,811.121579297301
10,0.1,0.2,50,300,740.620484377707
10,0.1,0.2,50,300,771.521380138306
10,0.1,0.2,50,300,768.520477645547
10,0.1,0.2,50,300,799.735542107461
10,0.1,0.2,50,300,805.47100534758
10,0.15,0.2,50,300,739.381468412507
10,0.15,0.2,50,300,774.849483520173
10,0.15,0.2,50,300,768.270295526826
10,0.15,0.2,50,300,803.572924252182
10,0.15,0.2,50,300,819.448594297285
10,0.2,0.2,50,300,751.525006401561
10,0.2,0.2,50,300,766.98008144053
10,0.2,0.2,50,300,771.069607490177
10,0.2,0.2,50,300,792.747196780502
10,0.2,0.2,50,300,814.388516930419
10,0.25,0.2,50,300,746.097933437915
10,0.25,0.2,50,300,781.813440806649
10,0.25,0.2,50,300,773.220309860639
10,0.25,0.2,50,300,793.342711898485
10,0.25,0.2,50,300,815.267696518377
10,0.3,0.2,50,300,742.590516277932
10,0.3,0.2,50,300,770.522706223808
10,0.3,0.2,50,300,774.66817100931
10,0.3,0.2,50,300,797.545003737347
10,0.3,0.2,50,300,814.381157440277
10,0.35,0.2,50,300,750.228839413068
10,0.35,0.2,50,300,779.042079676632
10,0.35,0.2,50,300,775.852699490145
10,0.35,0.2,50,300,802.380613037244
10,0.35,0.2,50,300,814.731282493846
10,0.4,0.2,50,300,746.302838437504
10,0.4,0.2,50,300,781.100892144226
10,0.4,0.2,50,300,779.303181836705
10,0.4,0.2,50,300,796.307497676735
10,0.4,0.2,50,300,813.401841140011
15,0.001,0.001,50,300,752.074294454253
15,0.001,0.001,50,300,786.892299586761
15,0.001,0.001,50,300,769.385364416135
15,0.001,0.001,50,300,792.883914859809
15,0.001,0.001,50,300,817.070139319783
15,0.005,0.001,50,300,748.297759521139
15,0.005,0.001,50,300,782.309733835909
15,0.005,0.001,50,300,761.72344687353
15,0.005,0.001,50,300,793.587242944353
15,0.005,0.001,50,300,816.795993488319
15,0.01,0.001,50,300,744.760337065803
15,0.01,0.001,50,300,776.089542134897
15,0.01,0.001,50,300,757.86017861197
15,0.01,0.001,50,300,788.120309646292
15,0.01,0.001,50,300,813.896363577626
15,0.05,0.001,50,300,753.180336283533
15,0.05,0.001,50,300,778.794313272495
15,0.05,0.001,50,300,767.558839335009
15,0.05,0.001,50,300,786.30160094102
15,0.05,0.001,50,300,821.97705182926
15,0.1,0.001,50,300,755.525299331192
15,0.1,0.001,50,300,784.695454339983
15,0.1,0.001,50,300,768.837290270462
15,0.1,0.001,50,300,794.139883946696
15,0.1,0.001,50,300,823.975094874336
15,0.15,0.001,50,300,756.965744939678
15,0.15,0.001,50,300,778.503939214828
15,0.15,0.001,50,300,765.479432987778
15,0.15,0.001,50,300,797.258591567483
15,0.15,0.001,50,300,828.965363098264
15,0.2,0.001,50,300,758.652518695377
15,0.2,0.001,50,300,785.559570540432
15,0.2,0.001,50,300,771.616575728409
15,0.2,0.001,50,300,794.097514405433
15,0.2,0.001,50,300,821.703534708729
15,0.25,0.001,50,300,758.865799476311
15,0.25,0.001,50,300,779.062715227332
15,0.25,0.001,50,300,771.645214324124
15,0.25,0.001,50,300,808.426088629287
15,0.25,0.001,50,300,826.434511322742
15,0.3,0.001,50,300,759.159430638772
15,0.3,0.001,50,300,791.188204150281
15,0.3,0.001,50,300,769.123150165695
15,0.3,0.001,50,300,803.320444029337
15,0.3,0.001,50,300,833.246260927352
15,0.35,0.001,50,300,759.820723003698
15,0.35,0.001,50,300,793.937549314668
15,0.35,0.001,50,300,771.153288560132
15,0.35,0.001,50,300,807.107602618822
15,0.35,0.001,50,300,833.794214497354
15,0.4,0.001,50,300,763.056830887485
15,0.4,0.001,50,300,795.285089567041
15,0.4,0.001,50,300,780.894436720197
15,0.4,0.001,50,300,805.356535026131
15,0.4,0.001,50,300,829.893562559402
15,0.001,0.005,50,300,717.493710845041
15,0.001,0.005,50,300,750.052279315672
15,0.001,0.005,50,300,726.14865373835
15,0.001,0.005,50,300,763.341359800333
15,0.001,0.005,50,300,773.998625709739
15,0.005,0.005,50,300,703.803379288711
15,0.005,0.005,50,300,734.518615215296
15,0.005,0.005,50,300,718.830630821664
15,0.005,0.005,50,300,754.871989119284
15,0.005,0.005,50,300,768.742143410214
15,0.01,0.005,50,300,691.867213889436
15,0.01,0.005,50,300,726.902468233593
15,0.01,0.005,50,300,719.036604219273
15,0.01,0.005,50,300,748.969501597962
15,0.01,0.005,50,300,770.163359473979
15,0.05,0.005,50,300,707.545319294714
15,0.05,0.005,50,300,727.399241451394
15,0.05,0.005,50,300,718.540167521645
15,0.05,0.005,50,300,743.555340360689
15,0.05,0.005,50,300,765.940080128658
15,0.1,0.005,50,300,703.003299173067
15,0.1,0.005,50,300,728.860727646466
15,0.1,0.005,50,300,728.018679672876
15,0.1,0.005,50,300,757.793549199109
15,0.1,0.005,50,300,771.461660948101
15,0.15,0.005,50,300,705.713266539621
15,0.15,0.005,50,300,728.862218454773
15,0.15,0.005,50,300,722.285020013371
15,0.15,0.005,50,300,753.139002398787
15,0.15,0.005,50,300,772.691197320778
15,0.2,0.005,50,300,708.950115846703
15,0.2,0.005,50,300,727.812434981671
15,0.2,0.005,50,300,721.516257132911
15,0.2,0.005,50,300,763.437508314738
15,0.2,0.005,50,300,779.920473446839
15,0.25,0.005,50,300,702.572876699012
15,0.25,0.005,50,300,734.092268736994
15,0.25,0.005,50,300,722.122515281707
15,0.25,0.005,50,300,753.405204062406
15,0.25,0.005,50,300,777.301297048259
15,0.3,0.005,50,300,704.98328887721
15,0.3,0.005,50,300,732.866462128383
15,0.3,0.005,50,300,732.255933993373
15,0.3,0.005,50,300,757.047212957257
15,0.3,0.005,50,300,784.301166654483
15,0.35,0.005,50,300,710.930243496353
15,0.35,0.005,50,300,735.032095175024
15,0.35,0.005,50,300,736.913400688858
15,0.35,0.005,50,300,755.122150626733
15,0.35,0.005,50,300,788.737853276053
15,0.4,0.005,50,300,709.298442543366
15,0.4,0.005,50,300,735.691482607523
15,0.4,0.005,50,300,730.922270927132
15,0.4,0.005,50,300,765.217601005883
15,0.4,0.005,50,300,780.870211907162
15,0.001,0.01,50,300,688.912927596908
15,0.001,0.01,50,300,724.171397519792
15,0.001,0.01,50,300,721.698310887507
15,0.001,0.01,50,300,756.036797543474
15,0.001,0.01,50,300,761.695137314591
15,0.005,0.01,50,300,690.620419781884
15,0.005,0.01,50,300,719.281106553359
15,0.005,0.01,50,300,704.234959437249
15,0.005,0.01,50,300,739.070668361634
15,0.005,0.01,50,300,750.768677794475
15,0.01,0.01,50,300,687.025665363248
15,0.01,0.01,50,300,723.676292101042
15,0.01,0.01,50,300,705.240460035721
15,0.01,0.01,50,300,740.781196080814
15,0.01,0.01,50,300,748.361870733402
15,0.05,0.01,50,300,682.406924901982
15,0.05,0.01,50,300,717.186415244449
15,0.05,0.01,50,300,706.969890524596
15,0.05,0.01,50,300,737.922244168258
15,0.05,0.01,50,300,763.927358974676
15,0.1,0.01,50,300,689.36357017615
15,0.1,0.01,50,300,720.425087235509
15,0.1,0.01,50,300,713.756169573622
15,0.1,0.01,50,300,737.447315427765
15,0.1,0.01,50,300,752.383625502544
15,0.15,0.01,50,300,691.295135043063
15,0.15,0.01,50,300,715.061557189262
15,0.15,0.01,50,300,705.284866713552
15,0.15,0.01,50,300,737.800848611417
15,0.15,0.01,50,300,757.09211152173
15,0.2,0.01,50,300,676.91705332462
15,0.2,0.01,50,300,707.595667611451
15,0.2,0.01,50,300,712.565281201308
15,0.2,0.01,50,300,745.54053337966
15,0.2,0.01,50,300,763.064596055207
15,0.25,0.01,50,300,685.854531984663
15,0.25,0.01,50,300,718.399695654773
15,0.25,0.01,50,300,703.205244934045
15,0.25,0.01,50,300,740.466956411686
15,0.25,0.01,50,300,768.908041183149
15,0.3,0.01,50,300,688.132454223978
15,0.3,0.01,50,300,719.431366655246
15,0.3,0.01,50,300,717.074503168652
15,0.3,0.01,50,300,748.544533949669
15,0.3,0.01,50,300,757.195084716011
15,0.35,0.01,50,300,694.13413569491
15,0.35,0.01,50,300,727.028351842141
15,0.35,0.01,50,300,712.436063171252
15,0.35,0.01,50,300,756.894534513085
15,0.35,0.01,50,300,763.28968618757
15,0.4,0.01,50,300,690.928466996594
15,0.4,0.01,50,300,725.237873026657
15,0.4,0.01,50,300,723.419753826721
15,0.4,0.01,50,300,756.398005191345
15,0.4,0.01,50,300,765.349021482786
15,0.001,0.05,50,300,695.626690942844
15,0.001,0.05,50,300,723.767830970693
15,0.001,0.05,50,300,728.139711793083
15,0.001,0.05,50,300,747.840400486605
15,0.001,0.05,50,300,754.522162451857
15,0.005,0.05,50,300,682.884382237595
15,0.005,0.05,50,300,705.135759388244
15,0.005,0.05,50,300,706.203707418192
15,0.005,0.05,50,300,737.430811225841
15,0.005,0.05,50,300,743.36278568875
15,0.01,0.05,50,300,676.887862992977
15,0.01,0.05,50,300,708.034296267059
15,0.01,0.05,50,300,706.326834696693
15,0.01,0.05,50,300,731.07431398155
15,0.01,0.05,50,300,741.424022749173
15,0.05,0.05,50,300,670.145316187191
15,0.05,0.05,50,300,704.075311397398
15,0.05,0.05,50,300,697.332138896939
15,0.05,0.05,50,300,725.144348412688
15,0.05,0.05,50,300,736.164088250937
15,0.1,0.05,50,300,672.29114939198
15,0.1,0.05,50,300,701.204942328862
15,0.1,0.05,50,300,696.863399630216
15,0.1,0.05,50,300,728.421595967837
15,0.1,0.05,50,300,743.98592547729
15,0.15,0.05,50,300,677.666727581738
15,0.15,0.05,50,300,702.117650950917
15,0.15,0.05,50,300,704.514266934973
15,0.15,0.05,50,300,728.927629106334
15,0.15,0.05,50,300,739.298340043674
15,0.2,0.05,50,300,670.234266326058
15,0.2,0.05,50,300,705.679714454238
15,0.2,0.05,50,300,707.860504179834
15,0.2,0.05,50,300,732.348735444563
15,0.2,0.05,50,300,740.595278900366
15,0.25,0.05,50,300,673.291456067355
15,0.25,0.05,50,300,702.519308511919
15,0.25,0.05,50,300,700.187534922291
15,0.25,0.05,50,300,730.424779214246
15,0.25,0.05,50,300,744.928799538204
15,0.3,0.05,50,300,674.045228194369
15,0.3,0.05,50,300,702.463107964979
15,0.3,0.05,50,300,703.048027571894
15,0.3,0.05,50,300,730.346567194395
15,0.3,0.05,50,300,742.396736360422
15,0.35,0.05,50,300,676.631497455927
15,0.35,0.05,50,300,712.365077085902
15,0.35,0.05,50,300,710.658567053712
15,0.35,0.05,50,300,732.628400947996
15,0.35,0.05,50,300,744.33501074876
15,0.4,0.05,50,300,684.916100205666
15,0.4,0.05,50,300,706.489612155738
15,0.4,0.05,50,300,700.074562581347
15,0.4,0.05,50,300,742.163739984765
15,0.4,0.05,50,300,748.191334739705
15,0.001,0.1,50,300,697.459510971668
15,0.001,0.1,50,300,722.35629208206
15,0.001,0.1,50,300,726.945376682892
15,0.001,0.1,50,300,755.142940271786
15,0.001,0.1,50,300,759.436687822164
15,0.005,0.1,50,300,680.618945617814
15,0.005,0.1,50,300,705.625992032146
15,0.005,0.1,50,300,709.744370342641
15,0.005,0.1,50,300,743.879421129591
15,0.005,0.1,50,300,751.762392794156
15,0.01,0.1,50,300,673.527892950205
15,0.01,0.1,50,300,709.805636746283
15,0.01,0.1,50,300,709.353380742041
15,0.01,0.1,50,300,740.679610839682
15,0.01,0.1,50,300,743.582357144968
15,0.05,0.1,50,300,668.972215047209
15,0.05,0.1,50,300,702.991370076359
15,0.05,0.1,50,300,705.737119148293
15,0.05,0.1,50,300,736.208718379758
15,0.05,0.1,50,300,739.880370925384
15,0.1,0.1,50,300,662.888162740624
15,0.1,0.1,50,300,692.566055645913
15,0.1,0.1,50,300,699.427194517457
15,0.1,0.1,50,300,734.795888249254
15,0.1,0.1,50,300,744.603114174963
15,0.15,0.1,50,300,675.582349697747
15,0.15,0.1,50,300,702.869789861313
15,0.15,0.1,50,300,701.415356603388
15,0.15,0.1,50,300,735.070864370531
15,0.15,0.1,50,300,741.745222874218
15,0.2,0.1,50,300,668.955521700027
15,0.2,0.1,50,300,707.857767278105
15,0.2,0.1,50,300,704.867881855058
15,0.2,0.1,50,300,734.09023140379
15,0.2,0.1,50,300,741.090130293015
15,0.25,0.1,50,300,669.875176373009
15,0.25,0.1,50,300,702.908221916555
15,0.25,0.1,50,300,712.43366599793
15,0.25,0.1,50,300,738.830196122382
15,0.25,0.1,50,300,747.459783367669
15,0.3,0.1,50,300,677.424897254765
15,0.3,0.1,50,300,710.113353941709
15,0.3,0.1,50,300,711.729231724831
15,0.3,0.1,50,300,741.812138645466
15,0.3,0.1,50,300,741.848765643112
15,0.35,0.1,50,300,676.507136651053
15,0.35,0.1,50,300,698.983479303184
15,0.35,0.1,50,300,715.932303040559
15,0.35,0.1,50,300,741.751585704166
15,0.35,0.1,50,300,754.440519396551
15,0.4,0.1,50,300,677.035204188425
15,0.4,0.1,50,300,700.602067827617
15,0.4,0.1,50,300,715.935440796819
15,0.4,0.1,50,300,742.509841218771
15,0.4,0.1,50,300,753.284883275123
15,0.001,0.2,50,300,704.268149666998
15,0.001,0.2,50,300,740.122593799441
15,0.001,0.2,50,300,735.185592022385
15,0.001,0.2,50,300,773.595045633518
15,0.001,0.2,50,300,772.980824761352
15,0.005,0.2,50,300,700.546985085243
15,0.005,0.2,50,300,727.467960757746
15,0.005,0.2,50,300,725.208373974511
15,0.005,0.2,50,300,755.839777300069
15,0.005,0.2,50,300,761.151785079255
15,0.01,0.2,50,300,696.423008352922
15,0.01,0.2,50,300,725.255360955432
15,0.01,0.2,50,300,717.627484868501
15,0.01,0.2,50,300,755.509165315625
15,0.01,0.2,50,300,750.968096683104
15,0.05,0.2,50,300,683.415407941289
15,0.05,0.2,50,300,714.215299990247
15,0.05,0.2,50,300,712.805135753393
15,0.05,0.2,50,300,750.362814563134
15,0.05,0.2,50,300,751.507421373006
15,0.1,0.2,50,300,689.806526869178
15,0.1,0.2,50,300,715.317329014106
15,0.1,0.2,50,300,712.417153354156
15,0.1,0.2,50,300,750.799884378172
15,0.1,0.2,50,300,750.785713961006
15,0.15,0.2,50,300,685.615741422045
15,0.15,0.2,50,300,718.593617791401
15,0.15,0.2,50,300,716.541241005449
15,0.15,0.2,50,300,744.303076931114
15,0.15,0.2,50,300,751.145619855344
15,0.2,0.2,50,300,685.985235681173
15,0.2,0.2,50,300,716.527153996599
15,0.2,0.2,50,300,717.224739446039
15,0.2,0.2,50,300,743.12217071086
15,0.2,0.2,50,300,754.025681822182
15,0.25,0.2,50,300,694.737294848583
15,0.25,0.2,50,300,719.080844360434
15,0.25,0.2,50,300,720.680535708974
15,0.25,0.2,50,300,740.898659916631
15,0.25,0.2,50,300,758.040235322065
15,0.3,0.2,50,300,694.359736607135
15,0.3,0.2,50,300,717.95260221362
15,0.3,0.2,50,300,726.788502744474
15,0.3,0.2,50,300,746.516338219952
15,0.3,0.2,50,300,759.773314363005
15,0.35,0.2,50,300,692.866292520026
15,0.35,0.2,50,300,719.827378631955
15,0.35,0.2,50,300,721.000465425049
15,0.35,0.2,50,300,753.834984696252
15,0.35,0.2,50,300,762.347338188367
15,0.4,0.2,50,300,690.828792686124
15,0.4,0.2,50,300,722.104533056646
15,0.4,0.2,50,300,722.45002080702
15,0.4,0.2,50,300,751.342947416739
15,0.4,0.2,50,300,756.525474133216
20,0.001,0.001,50,300,710.989055814361
20,0.001,0.001,50,300,740.600946433424
20,0.001,0.001,50,300,725.087928850177
20,0.001,0.001,50,300,764.5064575832
20,0.001,0.001,50,300,779.623380765099
20,0.005,0.001,50,300,702.245213371233
20,0.005,0.001,50,300,742.843313270822
20,0.005,0.001,50,300,728.098045669236
20,0.005,0.001,50,300,752.971512049417
20,0.005,0.001,50,300,781.237704299155
20,0.01,0.001,50,300,703.315501429776
20,0.01,0.001,50,300,733.510903637663
20,0.01,0.001,50,300,727.417469659834
20,0.01,0.001,50,300,757.802845908585
20,0.01,0.001,50,300,787.465674276678
20,0.05,0.001,50,300,701.300837483546
20,0.05,0.001,50,300,742.885642413921
20,0.05,0.001,50,300,721.667393032148
20,0.05,0.001,50,300,757.911225677829
20,0.05,0.001,50,300,779.746350517811
20,0.1,0.001,50,300,700.431341445114
20,0.1,0.001,50,300,742.887836373063
20,0.1,0.001,50,300,722.539541956744
20,0.1,0.001,50,300,756.026219727861
20,0.1,0.001,50,300,783.580583529749
20,0.15,0.001,50,300,702.944776672522
20,0.15,0.001,50,300,746.662395035167
20,0.15,0.001,50,300,731.43010315328
20,0.15,0.001,50,300,763.360538373706
20,0.15,0.001,50,300,783.020784404996
20,0.2,0.001,50,300,714.164361392394
20,0.2,0.001,50,300,739.593062405717
20,0.2,0.001,50,300,732.772719446066
20,0.2,0.001,50,300,756.900607754762
20,0.2,0.001,50,300,781.878797771757
20,0.25,0.001,50,300,717.164339694179
20,0.25,0.001,50,300,746.694293480755
20,0.25,0.001,50,300,741.17085836445
20,0.25,0.001,50,300,757.754442278386
20,0.25,0.001,50,300,786.400876527018
20,0.3,0.001,50,300,720.521748291889
20,0.3,0.001,50,300,755.343940866714
20,0.3,0.001,50,300,734.121383626807
20,0.3,0.001,50,300,765.998959107423
20,0.3,0.001,50,300,784.555145691887
20,0.35,0.001,50,300,719.812414630826
20,0.35,0.001,50,300,762.037702122419
20,0.35,0.001,50,300,738.95929080818
20,0.35,0.001,50,300,772.686918050387
20,0.35,0.001,50,300,790.438936348272
20,0.4,0.001,50,300,719.346253021385
20,0.4,0.001,50,300,761.323582364243
20,0.4,0.001,50,300,751.984467874306
20,0.4,0.001,50,300,770.38015436034
20,0.4,0.001,50,300,798.184895144747
20,0.001,0.005,50,300,651.327881535731
20,0.001,0.005,50,300,691.253720369526
20,0.001,0.005,50,300,690.010100232028
20,0.001,0.005,50,300,719.070023192386
20,0.001,0.005,50,300,729.235736516752
20,0.005,0.005,50,300,645.247392946943
20,0.005,0.005,50,300,670.521158374365
20,0.005,0.005,50,300,674.180322270465
20,0.005,0.005,50,300,710.180323452588
20,0.005,0.005,50,300,726.242480788103
20,0.01,0.005,50,300,644.845429600907
20,0.01,0.005,50,300,673.32133237115
20,0.01,0.005,50,300,666.953798499566
20,0.01,0.005,50,300,710.177218638385
20,0.01,0.005,50,300,722.705983514714
20,0.05,0.005,50,300,641.131483234269
20,0.05,0.005,50,300,675.172740257737
20,0.05,0.005,50,300,679.369764940485
20,0.05,0.005,50,300,695.599526365576
20,0.05,0.005,50,300,718.562683423843
20,0.1,0.005,50,300,647.181617776128
20,0.1,0.005,50,300,682.423455789266
20,0.1,0.005,50,300,674.57807650102
20,0.1,0.005,50,300,701.469886782176
20,0.1,0.005,50,300,715.619466073385
20,0.15,0.005,50,300,645.607839062104
20,0.15,0.005,50,300,681.75566137693
20,0.15,0.005,50,300,682.155547847833
20,0.15,0.005,50,300,707.610269042982
20,0.15,0.005,50,300,711.887590070065
20,0.2,0.005,50,300,654.586131514208
20,0.2,0.005,50,300,677.878594431249
20,0.2,0.005,50,300,676.076220982924
20,0.2,0.005,50,300,706.440791027297
20,0.2,0.005,50,300,725.807488595616
20,0.25,0.005,50,300,647.329351113341
20,0.25,0.005,50,300,693.244176713382
20,0.25,0.005,50,300,689.16465673138
20,0.25,0.005,50,300,723.294140472528
20,0.25,0.005,50,300,723.387515873231
20,0.3,0.005,50,300,668.923322772739
20,0.3,0.005,50,300,690.44419088682
20,0.3,0.005,50,300,692.53973524069
20,0.3,0.005,50,300,716.77712562711
20,0.3,0.005,50,300,739.356912803705
20,0.35,0.005,50,300,661.365004242088
20,0.35,0.005,50,300,702.58005585015
20,0.35,0.005,50,300,693.773868499743
20,0.35,0.005,50,300,715.357305194799
20,0.35,0.005,50,300,733.15080629499
20,0.4,0.005,50,300,666.12608249462
20,0.4,0.005,50,300,695.734305118205
20,0.4,0.005,50,300,699.777717556245
20,0.4,0.005,50,300,721.95816020758
20,0.4,0.005,50,300,741.055940771836
20,0.001,0.01,50,300,648.505474127746
20,0.001,0.01,50,300,677.04995437533
20,0.001,0.01,50,300,682.388318832987
20,0.001,0.01,50,300,706.884610914203
20,0.001,0.01,50,300,718.761859097772
20,0.005,0.01,50,300,643.854148093049
20,0.005,0.01,50,300,664.47310306039
20,0.005,0.01,50,300,670.75564122569
20,0.005,0.01,50,300,701.8434675252
20,0.005,0.01,50,300,710.314547204795
20,0.01,0.01,50,300,631.399930293433
20,0.01,0.01,50,300,665.988134204964
20,0.01,0.01,50,300,657.689949380293
20,0.01,0.01,50,300,683.703136898721
20,0.01,0.01,50,300,701.401319766875
20,0.05,0.01,50,300,630.284514542611
20,0.05,0.01,50,300,657.639245545601
20,0.05,0.01,50,300,667.540870452928
20,0.05,0.01,50,300,683.49681020232
20,0.05,0.01,50,300,698.91382713352
20,0.1,0.01,50,300,631.126709846306
20,0.1,0.01,50,300,660.270138052225
20,0.1,0.01,50,300,661.083302797747
20,0.1,0.01,50,300,692.493157559491
20,0.1,0.01,50,300,699.091652870709
20,0.15,0.01,50,300,643.245532586037
20,0.15,0.01,50,300,673.934720398108
20,0.15,0.01,50,300,663.489650563957
20,0.15,0.01,50,300,689.075721537362
20,0.15,0.01,50,300,698.849628893106
20,0.2,0.01,50,300,628.259510037978
20,0.2,0.01,50,300,674.313270778174
20,0.2,0.01,50,300,664.037110890788
20,0.2,0.01,50,300,692.179913871946
20,0.2,0.01,50,300,701.0744012091
20,0.25,0.01,50,300,639.323861198824
20,0.25,0.01,50,300,676.584013452612
20,0.25,0.01,50,300,675.0878318198
20,0.25,0.01,50,300,700.466354736798
20,0.25,0.01,50,300,703.443803329025
20,0.3,0.01,50,300,648.898189428194
20,0.3,0.01,50,300,684.718209210266
20,0.3,0.01,50,300,672.492106708052
20,0.3,0.01,50,300,700.812213346833
20,0.3,0.01,50,300,704.424710785936
20,0.35,0.01,50,300,644.083133643492
20,0.35,0.01,50,300,679.182662287537
20,0.35,0.01,50,300,678.367249524951
20,0.35,0.01,50,300,701.427786862394
20,0.35,0.01,50,300,714.29891371043
20,0.4,0.01,50,300,638.811053044335
20,0.4,0.01,50,300,686.518658366569
20,0.4,0.01,50,300,677.354165408271
20,0.4,0.01,50,300,706.441934540812
20,0.4,0.01,50,300,727.0392087286
20,0.001,0.05,50,300,648.201572981677
20,0.001,0.05,50,300,677.897195483156
20,0.001,0.05,50,300,674.87283339946
20,0.001,0.05,50,300,705.997002551463
20,0.001,0.05,50,300,706.699008900199
20,0.005,0.05,50,300,629.61209699907
20,0.005,0.05,50,300,664.286143277315
20,0.005,0.05,50,300,659.188899308511
20,0.005,0.05,50,300,692.434303462928
20,0.005,0.05,50,300,697.447019142899
20,0.01,0.05,50,300,625.72506183847
20,0.01,0.05,50,300,654.348379636888
20,0.01,0.05,50,300,655.945611683595
20,0.01,0.05,50,300,693.799560724918
20,0.01,0.05,50,300,701.670317371272
20,0.05,0.05,50,300,618.304157099448
20,0.05,0.05,50,300,653.889784371411
20,0.05,0.05,50,300,656.499371779665
20,0.05,0.05,50,300,683.870500298557
20,0.05,0.05,50,300,690.824819182071
20,0.1,0.05,50,300,618.717475137644
20,0.1,0.05,50,300,647.193192750359
20,0.1,0.05,50,300,654.032499022864
20,0.1,0.05,50,300,686.144303434385
20,0.1,0.05,50,300,687.656249979434
20,0.15,0.05,50,300,623.428331889657
20,0.15,0.05,50,300,649.759686199453
20,0.15,0.05,50,300,659.288588895348
20,0.15,0.05,50,300,684.135941907481
20,0.15,0.05,50,300,684.898015153887
20,0.2,0.05,50,300,631.998319127453
20,0.2,0.05,50,300,653.971399107644
20,0.2,0.05,50,300,660.272944403889
20,0.2,0.05,50,300,690.820479481983
20,0.2,0.05,50,300,689.059476706775
20,0.25,0.05,50,300,640.552529210044
20,0.25,0.05,50,300,651.74797244753
20,0.25,0.05,50,300,662.730709020593
20,0.25,0.05,50,300,694.526814424702
20,0.25,0.05,50,300,699.347643226437
20,0.3,0.05,50,300,632.710764182723
20,0.3,0.05,50,300,664.73191219032
20,0.3,0.05,50,300,656.391504830136
20,0.3,0.05,50,300,688.705678937975
20,0.3,0.05,50,300,698.5737426335
20,0.35,0.05,50,300,625.948043198703
20,0.35,0.05,50,300,666.054361431787
20,0.35,0.05,50,300,675.108899366368
20,0.35,0.05,50,300,690.731985980038
20,0.35,0.05,50,300,700.677614022413
20,0.4,0.05,50,300,629.857270118418
20,0.4,0.05,50,300,660.509732513482
20,0.4,0.05,50,300,669.642697684518
20,0.4,0.05,50,300,707.411038969636
20,0.4,0.05,50,300,704.935597771719
20,0.001,0.1,50,300,656.573290167029
20,0.001,0.1,50,300,677.040101457898
20,0.001,0.1,50,300,680.460686416119
20,0.001,0.1,50,300,717.433736387201
20,0.001,0.1,50,300,717.237328428248
20,0.005,0.1,50,300,644.93799254866
20,0.005,0.1,50,300,663.765445987773
20,0.005,0.1,50,300,663.651193906645
20,0.005,0.1,50,300,701.116817934428
20,0.005,0.1,50,300,703.036566088036
20,0.01,0.1,50,300,636.956925343459
20,0.01,0.1,50,300,664.42476673887
20,0.01,0.1,50,300,665.220634895881
20,0.01,0.1,50,300,696.281804781568
20,0.01,0.1,50,300,699.421929058966
20,0.05,0.1,50,300,626.358408500285
20,0.05,0.1,50,300,658.105041183627
20,0.05,0.1,50,300,658.724837365933
20,0.05,0.1,50,300,698.985963085769
20,0.05,0.1,50,300,689.580596406663
20,0.1,0.1,50,300,626.111139497362
20,0.1,0.1,50,300,658.922909938431
20,0.1,0.1,50,300,664.078987631648
20,0.1,0.1,50,300,691.838750485027
20,0.1,0.1,50,300,692.839231476925
20,0.15,0.1,50,300,630.238157660332
20,0.15,0.1,50,300,660.837034642106
20,0.15,0.1,50,300,662.676221899055
20,0.15,0.1,50,300,698.697586393483
20,0.15,0.1,50,300,692.773825034985
20,0.2,0.1,50,300,633.211657221759
20,0.2,0.1,50,300,663.06909915323
20,0.2,0.1,50,300,665.839190068092
20,0.2,0.1,50,300,691.791512858876
20,0.2,0.1,50,300,694.361331309765
20,0.25,0.1,50,300,635.890037998883
20,0.25,0.1,50,300,665.186741051971
20,0.25,0.1,50,300,666.244737913202
20,0.25,0.1,50,300,699.154113212477
20,0.25,0.1,50,300,697.845598430631
20,0.3,0.1,50,300,634.071759441781
20,0.3,0.1,50,300,666.272808337142
20,0.3,0.1,50,300,668.144581020945
20,0.3,0.1,50,300,703.740750798766
20,0.3,0.1,50,300,702.504840414896
20,0.35,0.1,50,300,641.333569297936
20,0.35,0.1,50,300,668.83375331082
20,0.35,0.1,50,300,668.906549130358
20,0.35,0.1,50,300,694.308859314469
20,0.35,0.1,50,300,704.61029407107
20,0.4,0.1,50,300,629.584341867154
20,0.4,0.1,50,300,670.004245962901
20,0.4,0.1,50,300,676.458050737327
20,0.4,0.1,50,300,703.359703466244
20,0.4,0.1,50,300,705.932464213649
20,0.001,0.2,50,300,672.082907755617
20,0.001,0.2,50,300,706.607815417614
20,0.001,0.2,50,300,710.046467215051
20,0.001,0.2,50,300,735.698404523885
20,0.001,0.2,50,300,732.887987691283
20,0.005,0.2,50,300,661.693472587648
20,0.005,0.2,50,300,689.817831236087
20,0.005,0.2,50,300,689.3668812362
20,0.005,0.2,50,300,728.364512723384
20,0.005,0.2,50,300,712.202248605698
20,0.01,0.2,50,300,653.054430365555
20,0.01,0.2,50,300,683.303487542372
20,0.01,0.2,50,300,678.823383218725
20,0.01,0.2,50,300,718.145120197822
20,0.01,0.2,50,300,710.5694204493
20,0.05,0.2,50,300,645.447807414589
20,0.05,0.2,50,300,679.980675893462
20,0.05,0.2,50,300,680.307517706876
20,0.05,0.2,50,300,699.918781280066
20,0.05,0.2,50,300,699.741644610556
20,0.1,0.2,50,300,639.446885474917
20,0.1,0.2,50,300,668.797836486282
20,0.1,0.2,50,300,684.537041380692
20,0.1,0.2,50,300,710.524347184498
20,0.1,0.2,50,300,706.379226880937
20,0.15,0.2,50,300,645.609979464122
20,0.15,0.2,50,300,681.213689764143
20,0.15,0.2,50,300,674.604014108502
20,0.15,0.2,50,300,702.551512651686
20,0.15,0.2,50,300,708.437332062916
20,0.2,0.2,50,300,638.345682774339
20,0.2,0.2,50,300,675.782016355695
20,0.2,0.2,50,300,678.744968679902
20,0.2,0.2,50,300,705.39080123255
20,0.2,0.2,50,300,715.709693206102
20,0.25,0.2,50,300,647.867056897943
20,0.25,0.2,50,300,688.645209078438
20,0.25,0.2,50,300,693.078211114423
20,0.25,0.2,50,300,718.971348845195
20,0.25,0.2,50,300,715.510363498949
20,0.3,0.2,50,300,648.955358622211
20,0.3,0.2,50,300,693.343503697988
20,0.3,0.2,50,300,683.615898642623
20,0.3,0.2,50,300,717.920160349915
20,0.3,0.2,50,300,719.77793358068
20,0.35,0.2,50,300,654.074781026491
20,0.35,0.2,50,300,685.064166043353
20,0.35,0.2,50,300,689.573094135047
20,0.35,0.2,50,300,713.616104345409
20,0.35,0.2,50,300,722.726719452816
20,0.4,0.2,50,300,657.080752907426
20,0.4,0.2,50,300,685.096278159512
20,0.4,0.2,50,300,687.009469735467
20,0.4,0.2,50,300,725.426486377766
20,0.4,0.2,50,300,723.288634913435
25,0.001,0.001,50,300,676.760343999544
25,0.001,0.001,50,300,705.210502485374
25,0.001,0.001,50,300,699.541857799363
25,0.001,0.001,50,300,718.930304845524
25,0.001,0.001,50,300,738.873764678506
25,0.005,0.001,50,300,672.112184777523
25,0.005,0.001,50,300,701.381818384531
25,0.005,0.001,50,300,691.261973504236
25,0.005,0.001,50,300,716.132425160639
25,0.005,0.001,50,300,730.950139935657
25,0.01,0.001,50,300,665.123457634173
25,0.01,0.001,50,300,697.365777644491
25,0.01,0.001,50,300,690.643798545031
25,0.01,0.001,50,300,724.039225126901
25,0.01,0.001,50,300,734.942083902581
25,0.05,0.001,50,300,667.496824392011
25,0.05,0.001,50,300,696.251192147332
25,0.05,0.001,50,300,693.839024347416
25,0.05,0.001,50,300,717.413123556868
25,0.05,0.001,50,300,735.586632320273
25,0.1,0.001,50,300,679.284156850794
25,0.1,0.001,50,300,703.173634921
25,0.1,0.001,50,300,698.83508562945
25,0.1,0.001,50,300,725.3280231607
25,0.1,0.001,50,300,740.507589235979
25,0.15,0.001,50,300,678.936118233955
25,0.15,0.001,50,300,710.340775993804
25,0.15,0.001,50,300,701.348607580849
25,0.15,0.001,50,300,729.463211856308
25,0.15,0.001,50,300,743.145540742078
25,0.2,0.001,50,300,687.892659105229
25,0.2,0.001,50,300,708.952865706954
25,0.2,0.001,50,300,706.013495433124
25,0.2,0.001,50,300,731.858934339907
25,0.2,0.001,50,300,739.713695812674
25,0.25,0.001,50,300,684.871687730182
25,0.25,0.001,50,300,717.186288772514
25,0.25,0.001,50,300,700.895970252972
25,0.25,0.001,50,300,733.376760423476
25,0.25,0.001,50,300,749.268736383654
25,0.3,0.001,50,300,694.384754211401
25,0.3,0.001,50,300,713.549093489594
25,0.3,0.001,50,300,711.218163649236
25,0.3,0.001,50,300,731.415301023922
25,0.3,0.001,50,300,747.809291465898
25,0.35,0.001,50,300,690.162748444538
25,0.35,0.001,50,300,714.807385395515
25,0.35,0.001,50,300,704.95801145438
25,0.35,0.001,50,300,737.256221946519
25,0.35,0.001,50,300,758.185784330965
25,0.4,0.001,50,300,692.119614357792
25,0.4,0.001,50,300,723.277316584276
25,0.4,0.001,50,300,705.320278978811
25,0.4,0.001,50,300,734.905806477921
25,0.4,0.001,50,300,771.215373766796
25,0.001,0.005,50,300,619.864630430748
25,0.001,0.005,50,300,647.879477980896
25,0.001,0.005,50,300,642.957800222141
25,0.001,0.005,50,300,687.589746554339
25,0.001,0.005,50,300,687.355255304439
25,0.005,0.005,50,300,621.71968704046
25,0.005,0.005,50,300,633.767240132925
25,0.005,0.005,50,300,644.855341638268
25,0.005,0.005,50,300,677.665690369804
25,0.005,0.005,50,300,680.431323079783
25,0.01,0.005,50,300,615.339085858358
25,0.01,0.005,50,300,637.999544746532
25,0.01,0.005,50,300,632.550996082299
25,0.01,0.005,50,300,666.053480502856
25,0.01,0.005,50,300,675.49645736396
25,0.05,0.005,50,300,617.671312658772
25,0.05,0.005,50,300,626.628460460538
25,0.05,0.005,50,300,632.879147159253
25,0.05,0.005,50,300,674.674395754709
25,0.05,0.005,50,300,667.287737166926
25,0.1,0.005,50,300,606.93600074392
25,0.1,0.005,50,300,652.989161488154
25,0.1,0.005,50,300,643.585626988585
25,0.1,0.005,50,300,670.204038671765
25,0.1,0.005,50,300,676.716804186023
25,0.15,0.005,50,300,613.149738079411
25,0.15,0.005,50,300,648.532265874885
25,0.15,0.005,50,300,648.573594564749
25,0.15,0.005,50,300,678.106910748515
25,0.15,0.005,50,300,682.784824109968
25,0.2,0.005,50,300,616.897680766295
25,0.2,0.005,50,300,648.936849348582
25,0.2,0.005,50,300,652.688156861401
25,0.2,0.005,50,300,683.185531740011
25,0.2,0.005,50,300,684.736077387385
25,0.25,0.005,50,300,624.89872736475
25,0.25,0.005,50,300,648.173127178363
25,0.25,0.005,50,300,650.550197594396
25,0.25,0.005,50,300,680.78632118803
25,0.25,0.005,50,300,693.366506147807
25,0.3,0.005,50,300,627.087246252986
25,0.3,0.005,50,300,654.910319496611
25,0.3,0.005,50,300,655.609617252163
25,0.3,0.005,50,300,686.28524473385
25,0.3,0.005,50,300,693.663776494305
25,0.35,0.005,50,300,637.846196588083
25,0.35,0.005,50,300,654.140038370397
25,0.35,0.005,50,300,653.971438782704
25,0.35,0.005,50,300,690.825842873414
25,0.35,0.005,50,300,709.262369036935
25,0.4,0.005,50,300,637.851350707935
25,0.4,0.005,50,300,662.084755400959
25,0.4,0.005,50,300,667.023033633732
25,0.4,0.005,50,300,691.946583140461
25,0.4,0.005,50,300,697.894144420148
25,0.001,0.01,50,300,617.361792216212
25,0.001,0.01,50,300,633.528547432841
25,0.001,0.01,50,300,643.230751462816
25,0.001,0.01,50,300,671.389997095788
25,0.001,0.01,50,300,662.457058367832
25,0.005,0.01,50,300,599.853729068335
25,0.005,0.01,50,300,629.758569031262
25,0.005,0.01,50,300,626.722613048703
25,0.005,0.01,50,300,658.247466017233
25,0.005,0.01,50,300,667.350040503887
25,0.01,0.01,50,300,596.72488370855
25,0.01,0.01,50,300,621.743006265991
25,0.01,0.01,50,300,626.084323061468
25,0.01,0.01,50,300,651.783562167877
25,0.01,0.01,50,300,661.321594763314
25,0.05,0.01,50,300,592.896242335983
25,0.05,0.01,50,300,626.89156111244
25,0.05,0.01,50,300,626.914257039353
25,0.05,0.01,50,300,659.23740627125
25,0.05,0.01,50,300,662.663654781546
25,0.1,0.01,50,300,599.596000328982
25,0.1,0.01,50,300,626.990872526049
25,0.1,0.01,50,300,620.438572889056
25,0.1,0.01,50,300,654.600996487659
25,0.1,0.01,50,300,661.624439635967
25,0.15,0.01,50,300,598.678476529411
25,0.15,0.01,50,300,623.660633629266
25,0.15,0.01,50,300,630.891484929793
25,0.15,0.01,50,300,666.954113143336
25,0.15,0.01,50,300,665.865316871701
25,0.2,0.01,50,300,612.738460414568
25,0.2,0.01,50,300,634.081033424664
25,0.2,0.01,50,300,627.558131284396
25,0.2,0.01,50,300,656.471471360104
25,0.2,0.01,50,300,672.88209331769
25,0.25,0.01,50,300,611.961385627242
25,0.25,0.01,50,300,635.839461290128
25,0.25,0.01,50,300,639.187511709606
25,0.25,0.01,50,300,670.214495520351
25,0.25,0.01,50,300,681.694005959597
25,0.3,0.01,50,300,613.828546798673
25,0.3,0.01,50,300,632.782650877208
25,0.3,0.01,50,300,637.823985267134
25,0.3,0.01,50,300,664.296299179906
25,0.3,0.01,50,300,683.533615968661
25,0.35,0.01,50,300,608.454021515231
25,0.35,0.01,50,300,646.441020852624
25,0.35,0.01,50,300,636.055493582305
25,0.35,0.01,50,300,667.243187911334
25,0.35,0.01,50,300,680.259080539098
25,0.4,0.01,50,300,628.866053378869
25,0.4,0.01,50,300,648.212917850089
25,0.4,0.01,50,300,648.791213771677
25,0.4,0.01,50,300,673.079617861468
25,0.4,0.01,50,300,683.513456263878
25,0.001,0.05,50,300,613.681254477615
25,0.001,0.05,50,300,626.410697073568
25,0.001,0.05,50,300,640.019047669134
25,0.001,0.05,50,300,669.515533341084
25,0.001,0.05,50,300,669.394901027238
25,0.005,0.05,50,300,603.260509404288
25,0.005,0.05,50,300,605.670817753325
25,0.005,0.05,50,300,625.291747357744
25,0.005,0.05,50,300,654.694441479159
25,0.005,0.05,50,300,648.533816184414
25,0.01,0.05,50,300,593.021484447171
25,0.01,0.05,50,300,614.547699768337
25,0.01,0.05,50,300,616.047056949749
25,0.01,0.05,50,300,643.811597581465
25,0.01,0.05,50,300,649.038531090799
25,0.05,0.05,50,300,603.264335088045
25,0.05,0.05,50,300,609.602016250422
25,0.05,0.05,50,300,608.071669135591
25,0.05,0.05,50,300,645.105047032476
25,0.05,0.05,50,300,642.414831900613
25,0.1,0.05,50,300,598.465205163822
25,0.1,0.05,50,300,624.519702557387
25,0.1,0.05,50,300,623.595392846727
25,0.1,0.05,50,300,644.614527634872
25,0.1,0.05,50,300,654.310969860227
25,0.15,0.05,50,300,591.390523997855
25,0.15,0.05,50,300,621.614073180035
25,0.15,0.05,50,300,619.861224365313
25,0.15,0.05,50,300,645.223618571207
25,0.15,0.05,50,300,653.580730820412
25,0.2,0.05,50,300,590.741447628636
25,0.2,0.05,50,300,615.757208631452
25,0.2,0.05,50,300,623.479317167153
25,0.2,0.05,50,300,655.947165312351
25,0.2,0.05,50,300,653.582393903217
25,0.25,0.05,50,300,596.00261690866
25,0.25,0.05,50,300,630.073397334163
25,0.25,0.05,50,300,628.733616602985
25,0.25,0.05,50,300,656.906138900444
25,0.25,0.05,50,300,658.990486584316
25,0.3,0.05,50,300,611.341454580067
25,0.3,0.05,50,300,621.842664111874
25,0.3,0.05,50,300,633.261593301549
25,0.3,0.05,50,300,655.123702940065
25,0.3,0.05,50,300,654.400833567795
25,0.35,0.05,50,300,607.121629930532
25,0.35,0.05,50,300,622.006995380368
25,0.35,0.05,50,300,635.757006958905
25,0.35,0.05,50,300,665.75055414922
25,0.35,0.05,50,300,665.3828539369
25,0.4,0.05,50,300,610.344718647325
25,0.4,0.05,50,300,635.90478732932
25,0.4,0.05,50,300,629.21692448915
25,0.4,0.05,50,300,664.449272634051
25,0.4,0.05,50,300,671.527784002415
25,0.001,0.1,50,300,629.414962125547
25,0.001,0.1,50,300,642.888300463714
25,0.001,0.1,50,300,653.961323603721
25,0.001,0.1,50,300,686.331854620609
25,0.001,0.1,50,300,677.439901779949
25,0.005,0.1,50,300,604.12538279747
25,0.005,0.1,50,300,630.552568264508
25,0.005,0.1,50,300,632.362629537856
25,0.005,0.1,50,300,665.906231010339
25,0.005,0.1,50,300,665.614012820689
25,0.01,0.1,50,300,603.048156569779
25,0.01,0.1,50,300,623.001945849346
25,0.01,0.1,50,300,630.804924051921
25,0.01,0.1,50,300,662.116951959045
25,0.01,0.1,50,300,654.973153096363
25,0.05,0.1,50,300,590.555670804142
25,0.05,0.1,50,300,623.593750417503
25,0.05,0.1,50,300,624.05945794408
25,0.05,0.1,50,300,660.588937720452
25,0.05,0.1,50,300,649.18145354201
25,0.1,0.1,50,300,596.97322797604
25,0.1,0.1,50,300,625.399221905256
25,0.1,0.1,50,300,625.963811783085
25,0.1,0.1,50,300,667.625411554575
25,0.1,0.1,50,300,658.210289486726
25,0.15,0.1,50,300,598.776153244101
25,0.15,0.1,50,300,623.784278119354
25,0.15,0.1,50,300,625.617741769706
25,0.15,0.1,50,300,660.066629283563
25,0.15,0.1,50,300,663.164642645078
25,0.2,0.1,50,300,604.727013269867
25,0.2,0.1,50,300,629.84942145984
25,0.2,0.1,50,300,636.916869213445
25,0.2,0.1,50,300,664.348381436797
25,0.2,0.1,50,300,669.858471477655
25,0.25,0.1,50,300,604.908422572587
25,0.25,0.1,50,300,627.978465382296
25,0.25,0.1,50,300,632.536709382541
25,0.25,0.1,50,300,668.427731146275
25,0.25,0.1,50,300,668.913831169767
25,0.3,0.1,50,300,606.87811980978
25,0.3,0.1,50,300,626.374005539166
25,0.3,0.1,50,300,644.908820857621
25,0.3,0.1,50,300,667.752259678024
25,0.3,0.1,50,300,670.719245155788
25,0.35,0.1,50,300,614.442511213748
25,0.35,0.1,50,300,634.954796448789
25,0.35,0.1,50,300,633.990047249294
25,0.35,0.1,50,300,669.068243030265
25,0.35,0.1,50,300,671.082745865752
25,0.4,0.1,50,300,618.863344276259
25,0.4,0.1,50,300,637.864230405246
25,0.4,0.1,50,300,637.292517160532
25,0.4,0.1,50,300,672.429247720249
25,0.4,0.1,50,300,670.218627309654
25,0.001,0.2,50,300,651.56862668181
25,0.001,0.2,50,300,676.01729294589
25,0.001,0.2,50,300,678.209174498142
25,0.001,0.2,50,300,705.855010361711
25,0.001,0.2,50,300,700.146333862095
25,0.005,0.2,50,300,625.354742321857
25,0.005,0.2,50,300,654.187904628491
25,0.005,0.2,50,300,656.487904776889
25,0.005,0.2,50,300,677.206193286819
25,0.005,0.2,50,300,686.370290459594
25,0.01,0.2,50,300,619.192135200409
25,0.01,0.2,50,300,649.735545759771
25,0.01,0.2,50,300,652.76398784652
25,0.01,0.2,50,300,682.029823020996
25,0.01,0.2,50,300,679.486480656218
25,0.05,0.2,50,300,618.503522196578
25,0.05,0.2,50,300,643.160698490085
25,0.05,0.2,50,300,642.800207190263
25,0.05,0.2,50,300,672.958250413466
25,0.05,0.2,50,300,682.852080308905
25,0.1,0.2,50,300,621.6792871439
25,0.1,0.2,50,300,653.21300813882
25,0.1,0.2,50,300,652.622441855588
25,0.1,0.2,50,300,679.128048013245
25,0.1,0.2,50,300,677.578359578558
25,0.15,0.2,50,300,625.595818939777
25,0.15,0.2,50,300,645.814224280353
25,0.15,0.2,50,300,651.025678186367
25,0.15,0.2,50,300,680.5049487687
25,0.15,0.2,50,300,681.540946009574
25,0.2,0.2,50,300,629.125564564443
25,0.2,0.2,50,300,656.000306651342
25,0.2,0.2,50,300,654.901086748936
25,0.2,0.2,50,300,680.178765826407
25,0.2,0.2,50,300,682.721168883212
25,0.25,0.2,50,300,632.999899218591
25,0.25,0.2,50,300,653.779995370371
25,0.25,0.2,50,300,657.710136050654
25,0.25,0.2,50,300,686.765493914862
25,0.25,0.2,50,300,686.315561742939
25,0.3,0.2,50,300,624.58108528602
25,0.3,0.2,50,300,653.816031980294
25,0.3,0.2,50,300,659.650030579715
25,0.3,0.2,50,300,681.95980450179
25,0.3,0.2,50,300,686.702987842025
25,0.35,0.2,50,300,632.692650090312
25,0.35,0.2,50,300,657.704333072274
25,0.35,0.2,50,300,663.920999597311
25,0.35,0.2,50,300,685.398822494554
25,0.35,0.2,50,300,691.991202067611
25,0.4,0.2,50,300,628.146452551827
25,0.4,0.2,50,300,661.116709402894
25,0.4,0.2,50,300,664.511311465022
25,0.4,0.2,50,300,691.624794517577
25,0.4,0.2,50,300,701.399024846508
